北京师范大学,钟群鹏,http://www.mse.buaa.edu.cn//info/1051/2223.htm
北京师范大学,徐惠彬,http://www.mse.buaa.edu.cn//info/1051/2222.htm
北京师范大学,张涛,http://www.mse.buaa.edu.cn//info/1051/2221.htm
北京师范大学,蒋成保,http://www.mse.buaa.edu.cn//info/1051/2220.htm
北京师范大学,郭洪波,http://www.mse.buaa.edu.cn//info/1051/2219.htm
北京师范大学,宫声凯,http://www.mse.buaa.edu.cn//info/1051/2218.htm
北京师范大学,周春根,http://www.mse.buaa.edu.cn//info/1051/2217.htm
北京师范大学,马岳,http://www.mse.buaa.edu.cn//info/1051/2216.htm
北京师范大学,张峥,http://www.mse.buaa.edu.cn//info/1051/2215.htm
北京师范大学,赵新青,http://www.mse.buaa.edu.cn//info/1051/2214.htm
北京师范大学,周健,http://www.mse.buaa.edu.cn//info/1051/3969.htm
北京师范大学,吴素君,http://www.mse.buaa.edu.cn//info/1051/2213.htm
北京师范大学,骆红云,http://www.mse.buaa.edu.cn//info/1051/2212.htm
北京师范大学,逄淑杰,http://www.mse.buaa.edu.cn//info/1051/2211.htm
北京师范大学,沙江波,http://www.mse.buaa.edu.cn//info/1051/2210.htm
北京师范大学,李岩,http://www.mse.buaa.edu.cn//info/1051/2209.htm
北京师范大学,张天丽,http://www.mse.buaa.edu.cn//info/1051/2207.htm
北京师范大学,刘彤,http://www.mse.buaa.edu.cn//info/1051/2206.htm
北京师范大学,刘知琪,http://www.mse.buaa.edu.cn//info/1051/2205.htm
北京师范大学,李然,http://www.mse.buaa.edu.cn//info/1051/2204.htm
北京师范大学,王敬民,http://www.mse.buaa.edu.cn//info/1051/1033.htm
北京师范大学,郑蕾,http://www.mse.buaa.edu.cn//info/1051/1032.htm
北京师范大学,赵子华,http://www.mse.buaa.edu.cn//info/1051/1031.htm
北京师范大学,管娟,http://www.mse.buaa.edu.cn//info/1051/1030.htm
北京师范大学,裴延玲,http://www.mse.buaa.edu.cn//info/1051/1029.htm
北京师范大学,有移亮,http://www.mse.buaa.edu.cn//info/1051/1028.htm
北京师范大学,王慧,http://www.mse.buaa.edu.cn//info/1051/1027.htm
北京师范大学,彭徽,http://www.mse.buaa.edu.cn//info/1051/1026.htm
北京师范大学,赵文月,http://www.mse.buaa.edu.cn//info/1051/1025.htm
北京师范大学,贾丽娜,http://www.mse.buaa.edu.cn//info/1051/1024.htm
北京师范大学,杨圣雪,http://www.mse.buaa.edu.cn//info/1051/1023.htm
北京师范大学,刘敬华,http://www.mse.buaa.edu.cn//info/1051/1022.htm
北京师范大学,左淑兰,http://www.mse.buaa.edu.cn//info/1051/3970.htm
北京师范大学,孙志梅,http://www.mse.buaa.edu.cn//info/1052/2411.htm
北京师范大学,于荣海,http://www.mse.buaa.edu.cn//info/1052/2410.htm
北京师范大学,朱立群,http://www.mse.buaa.edu.cn//info/1052/2409.htm
北京师范大学,刘建华,http://www.mse.buaa.edu.cn//info/1052/2408.htm
北京师范大学,李松梅,http://www.mse.buaa.edu.cn//info/1052/2407.htm
北京师范大学,邓元,http://www.mse.buaa.edu.cn//info/1052/2406.htm
北京师范大学,刁鹏,http://www.mse.buaa.edu.cn//info/1052/2405.htm
北京师范大学,李卫平,http://www.mse.buaa.edu.cn//info/1052/2404.htm
北京师范大学,张跃,http://www.mse.buaa.edu.cn//info/1052/2403.htm
北京师范大学,张世超,http://www.mse.buaa.edu.cn//info/1052/2402.htm
北京师范大学,李锐星,http://www.mse.buaa.edu.cn//info/1052/2401.htm
北京师范大学,毕晓昉,http://www.mse.buaa.edu.cn//info/1052/2400.htm
北京师范大学,尚家香,http://www.mse.buaa.edu.cn//info/1052/2399.htm
北京师范大学,张瑞丰,http://www.mse.buaa.edu.cn//info/1052/2398.htm
北京师范大学,胡明俊,http://www.mse.buaa.edu.cn//info/1052/2397.htm
北京师范大学,杨树斌,http://www.mse.buaa.edu.cn//info/1052/2396.htm
北京师范大学,水江澜,http://www.mse.buaa.edu.cn//info/1052/2395.htm
北京师范大学,赵立东,http://www.mse.buaa.edu.cn//info/1052/2394.htm
北京师范大学,谷景华,http://www.mse.buaa.edu.cn//info/1052/2393.htm
北京师范大学,王树彬,http://www.mse.buaa.edu.cn//info/1052/2392.htm
北京师范大学,于美,http://www.mse.buaa.edu.cn//info/1052/2391.htm
北京师范大学,张晓亮,http://www.mse.buaa.edu.cn//info/1052/2390.htm
北京师范大学,张千帆,http://www.mse.buaa.edu.cn//info/1052/2389.htm
北京师范大学,刘慧丛,http://www.mse.buaa.edu.cn//info/1052/2388.htm
北京师范大学,陈海宁,http://www.mse.buaa.edu.cn//info/1052/2387.htm
北京师范大学,王瑶,http://www.mse.buaa.edu.cn//info/1052/2384.htm
北京师范大学,杨白,http://www.mse.buaa.edu.cn//info/1052/2383.htm
北京师范大学,邢雅兰,http://www.mse.buaa.edu.cn//info/1052/2381.htm
北京师范大学,司晨,http://www.mse.buaa.edu.cn//info/1052/2380.htm
北京师范大学,胡明俊,http://www.mse.buaa.edu.cn//info/1052/2379.htm
北京师范大学,李彬,http://www.mse.buaa.edu.cn//info/1052/2378.htm
北京师范大学,缪奶华,http://www.mse.buaa.edu.cn//info/1052/2377.htm
北京师范大学,祝薇,http://www.mse.buaa.edu.cn//info/1052/2376.htm
北京师范大学,刘金章,http://www.mse.buaa.edu.cn//info/1052/3977.htm
北京师范大学,刘晓芳,http://www.mse.buaa.edu.cn//info/1052/3959.htm
北京师范大学,祝令刚,http://www.mse.buaa.edu.cn//info/1052/3958.htm
北京师范大学,刘长波,http://www.mse.buaa.edu.cn//info/1052/3991.htm
北京师范大学,杜善义,http://www.mse.buaa.edu.cn//info/1053/2557.htm
北京师范大学,张佐光,http://www.mse.buaa.edu.cn//info/1053/2556.htm
北京师范大学,张博明,http://www.mse.buaa.edu.cn//info/1053/2555.htm
北京师范大学,肇研,http://www.mse.buaa.edu.cn//info/1053/2554.htm
北京师范大学,杨继萍,http://www.mse.buaa.edu.cn//info/1053/3973.htm
北京师范大学,郭栋,http://www.mse.buaa.edu.cn//info/1053/2552.htm
北京师范大学,李敏,http://www.mse.buaa.edu.cn//info/1053/2551.htm
北京师范大学,苏玉芹,http://www.mse.buaa.edu.cn//info/1053/2550.htm
北京师范大学,陈功,http://www.mse.buaa.edu.cn//info/1053/2549.htm
北京师范大学,杨光,http://www.mse.buaa.edu.cn//info/1053/2548.htm
北京师范大学,顾轶卓,http://www.mse.buaa.edu.cn//info/1053/2547.htm
北京师范大学,陈爱华,http://www.mse.buaa.edu.cn//info/1053/2546.htm
北京师范大学,王凯,http://www.mse.buaa.edu.cn//info/1053/2545.htm
北京师范大学,宫勇吉,http://www.mse.buaa.edu.cn//info/1053/2542.htm
北京师范大学,王绍凯,http://www.mse.buaa.edu.cn//info/1053/2544.htm
北京师范大学,李艳霞,http://www.mse.buaa.edu.cn//info/1053/2543.htm
北京师范大学,王华明,http://www.mse.buaa.edu.cn//info/1054/2573.htm
北京师范大学,马朝利,http://www.mse.buaa.edu.cn//info/1054/2572.htm
北京师范大学,张虎,http://www.mse.buaa.edu.cn//info/1054/2571.htm
北京师范大学,卢惠民,http://www.mse.buaa.edu.cn//info/1054/2570.htm
北京师范大学,李树索,http://www.mse.buaa.edu.cn//info/1054/2569.htm
北京师范大学,郑立静,http://www.mse.buaa.edu.cn//info/1054/2568.htm
北京师范大学,吴国清,http://www.mse.buaa.edu.cn//info/1054/2567.htm
北京师范大学,肖文龙,http://www.mse.buaa.edu.cn//info/1054/3955.htm
北京师范大学,田象军,http://www.mse.buaa.edu.cn//info/1054/2562.htm
北京师范大学,张花蕊,http://www.mse.buaa.edu.cn//info/1054/2561.htm
北京师范大学,段辉平,http://www.mse.buaa.edu.cn//info/1055/2581.htm
北京师范大学,俞有幸,http://www.mse.buaa.edu.cn//info/1055/2580.htm
北京师范大学,唐晓霞,http://www.mse.buaa.edu.cn//info/1055/2579.htm
北京师范大学,杜娟,http://www.mse.buaa.edu.cn//info/1055/2578.htm
北京师范大学,胡成宇,http://www.mse.buaa.edu.cn//info/1055/2577.htm
北京师范大学,袁泽红,http://www.mse.buaa.edu.cn//info/1055/2576.htm
北京师范大学,王嘉宜,http://www.mse.buaa.edu.cn//info/1055/2575.htm
北京师范大学,王冠,http://www.mse.buaa.edu.cn//info/1055/2574.htm
北京师范大学,钟群鹏,http://www.mse.buaa.edu.cn//info/1056/2461.htm
北京师范大学,徐惠彬,http://www.mse.buaa.edu.cn//info/1056/2459.htm
北京师范大学,王华明,http://www.mse.buaa.edu.cn//info/1056/2457.htm
北京师范大学,杜善义,http://www.mse.buaa.edu.cn//info/1056/2455.htm
北京师范大学,徐惠彬,http://www.mse.buaa.edu.cn//info/1057/2478.htm
北京师范大学,王华明,http://www.mse.buaa.edu.cn//info/1057/2474.htm
北京师范大学,张涛,http://www.mse.buaa.edu.cn//info/1057/2476.htm
北京师范大学,蒋成保,http://www.mse.buaa.edu.cn//info/1057/2472.htm
北京师范大学,孙志梅,http://www.mse.buaa.edu.cn//info/1057/2470.htm
北京师范大学,郭洪波,http://www.mse.buaa.edu.cn//info/1057/2467.htm
北京师范大学,徐惠彬,http://www.mse.buaa.edu.cn//info/1058/2479.htm
北京师范大学,张涛,http://www.mse.buaa.edu.cn//info/1058/2477.htm
北京师范大学,王华明,http://www.mse.buaa.edu.cn//info/1058/2475.htm
北京师范大学,蒋成保,http://www.mse.buaa.edu.cn//info/1058/2473.htm
北京师范大学,孙志梅,http://www.mse.buaa.edu.cn//info/1058/2471.htm
北京师范大学,郭洪波,http://www.mse.buaa.edu.cn//info/1058/2469.htm
北京师范大学,于荣海,http://www.mse.buaa.edu.cn//info/1058/2466.htm
北京师范大学,钟群鹏,http://www.mse.buaa.edu.cn//info/1059/2663.htm
北京师范大学,徐惠彬,http://www.mse.buaa.edu.cn//info/1059/2661.htm
北京师范大学,杜善义,http://www.mse.buaa.edu.cn//info/1059/2658.htm
北京师范大学,张涛,http://www.mse.buaa.edu.cn//info/1059/2656.htm
北京师范大学,王华明,http://www.mse.buaa.edu.cn//info/1059/2654.htm
北京师范大学,蒋成保,http://www.mse.buaa.edu.cn//info/1059/2653.htm
北京师范大学,孙志梅,http://www.mse.buaa.edu.cn//info/1059/2650.htm
北京师范大学,郭洪波,http://www.mse.buaa.edu.cn//info/1059/2648.htm
北京师范大学,于荣海,http://www.mse.buaa.edu.cn//info/1059/2646.htm
北京师范大学,宫声凯,http://www.mse.buaa.edu.cn//info/1059/2644.htm
北京师范大学,朱立群,http://www.mse.buaa.edu.cn//info/1059/2642.htm
北京师范大学,张佐光,http://www.mse.buaa.edu.cn//info/1059/2640.htm
北京师范大学,刘建华,http://www.mse.buaa.edu.cn//info/1059/2638.htm
北京师范大学,马朝利,http://www.mse.buaa.edu.cn//info/1059/2636.htm
北京师范大学,李松梅,http://www.mse.buaa.edu.cn//info/1059/2634.htm
北京师范大学,周春根,http://www.mse.buaa.edu.cn//info/1059/2631.htm
北京师范大学,张博明,http://www.mse.buaa.edu.cn//info/1059/2628.htm
北京师范大学,刁鹏,http://www.mse.buaa.edu.cn//info/1059/2627.htm
北京师范大学,张跃,http://www.mse.buaa.edu.cn//info/1059/2624.htm
北京师范大学,张世超,http://www.mse.buaa.edu.cn//info/1059/2623.htm
北京师范大学,马岳,http://www.mse.buaa.edu.cn//info/1059/2622.htm
北京师范大学,李锐星,http://www.mse.buaa.edu.cn//info/1059/2621.htm
北京师范大学,张峥,http://www.mse.buaa.edu.cn//info/1059/2620.htm
北京师范大学,赵新青,http://www.mse.buaa.edu.cn//info/1059/2619.htm
北京师范大学,毕晓昉,http://www.mse.buaa.edu.cn//info/1059/2618.htm
北京师范大学,张虎,http://www.mse.buaa.edu.cn//info/1059/2617.htm
北京师范大学,吴素君,http://www.mse.buaa.edu.cn//info/1059/2616.htm
北京师范大学,骆红云,http://www.mse.buaa.edu.cn//info/1059/2615.htm
北京师范大学,逄淑杰,http://www.mse.buaa.edu.cn//info/1059/2614.htm
北京师范大学,沙江波,http://www.mse.buaa.edu.cn//info/1059/2613.htm
北京师范大学,肇研,http://www.mse.buaa.edu.cn//info/1059/2612.htm
北京师范大学,卢惠民,http://www.mse.buaa.edu.cn//info/1059/2611.htm
北京师范大学,杨继萍,http://www.mse.buaa.edu.cn//info/1059/2610.htm
北京师范大学,李岩,http://www.mse.buaa.edu.cn//info/1059/2609.htm
北京师范大学,尚家香,http://www.mse.buaa.edu.cn//info/1059/2608.htm
北京师范大学,李树索,http://www.mse.buaa.edu.cn//info/1059/2607.htm
北京师范大学,张瑞丰,http://www.mse.buaa.edu.cn//info/1059/2606.htm
北京师范大学,杨树斌,http://www.mse.buaa.edu.cn//info/1059/2605.htm
北京师范大学,郭栋,http://www.mse.buaa.edu.cn//info/1059/2603.htm
北京师范大学,刘彤,http://www.mse.buaa.edu.cn//info/1059/2598.htm
北京师范大学,李敏,http://www.mse.buaa.edu.cn//info/1059/2596.htm
北京师范大学,李卫平,http://www.mse.buaa.edu.cn//info/1059/2594.htm
北京师范大学,宫勇吉,http://www.mse.buaa.edu.cn//info/1059/2590.htm
北京师范大学,邱春雷,http://www.mse.buaa.edu.cn//info/1059/2587.htm
北京师范大学,汤海波,http://www.mse.buaa.edu.cn//info/1059/2584.htm
北京师范大学,张晓亮,http://www.mse.buaa.edu.cn//info/1059/2582.htm
北京师范大学,邓元,http://www.mse.buaa.edu.cn//info/1059/3960.htm
北京师范大学,水江澜,http://www.mse.buaa.edu.cn//info/1059/3957.htm
北京师范大学,赵立东,http://www.mse.buaa.edu.cn//info/1059/3968.htm
北京师范大学,逄淑杰,http://www.mse.buaa.edu.cn//info/1059/3976.htm
北京师范大学,段辉平,http://www.mse.buaa.edu.cn//info/1060/3974.htm
北京师范大学,谷景华,http://www.mse.buaa.edu.cn//info/1060/2659.htm
北京师范大学,王树彬,http://www.mse.buaa.edu.cn//info/1060/2657.htm
北京师范大学,陈功,http://www.mse.buaa.edu.cn//info/1060/2655.htm
北京师范大学,王小群,http://www.mse.buaa.edu.cn//info/1060/2652.htm
北京师范大学,杨光,http://www.mse.buaa.edu.cn//info/1060/2651.htm
北京师范大学,郑立静,http://www.mse.buaa.edu.cn//info/1060/2649.htm
北京师范大学,周健,http://www.mse.buaa.edu.cn//info/1060/2647.htm
北京师范大学,吴国清,http://www.mse.buaa.edu.cn//info/1060/2645.htm
北京师范大学,张天丽,http://www.mse.buaa.edu.cn//info/1060/2643.htm
北京师范大学,顾轶卓,http://www.mse.buaa.edu.cn//info/1060/2641.htm
北京师范大学,李然,http://www.mse.buaa.edu.cn//info/1060/2639.htm
北京师范大学,刘慧丛,http://www.mse.buaa.edu.cn//info/1060/2637.htm
北京师范大学,陈爱华,http://www.mse.buaa.edu.cn//info/1060/2635.htm
北京师范大学,肖文龙,http://www.mse.buaa.edu.cn//info/1060/2630.htm
北京师范大学,王敬民,http://www.mse.buaa.edu.cn//info/1060/2629.htm
北京师范大学,郑蕾,http://www.mse.buaa.edu.cn//info/1060/2626.htm
北京师范大学,管娟,http://www.mse.buaa.edu.cn//info/1060/2602.htm
北京师范大学,俞有幸,http://www.mse.buaa.edu.cn//info/1060/2601.htm
北京师范大学,刘金章,http://www.mse.buaa.edu.cn//info/1060/2599.htm
北京师范大学,刘晓芳,http://www.mse.buaa.edu.cn//info/1060/2597.htm
北京师范大学,刘栋,http://www.mse.buaa.edu.cn//info/1060/2595.htm
北京师范大学,陈海宁,http://www.mse.buaa.edu.cn//info/1060/2593.htm
北京师范大学,胡明俊,http://www.mse.buaa.edu.cn//info/1060/2591.htm
北京师范大学,缪奶华,http://www.mse.buaa.edu.cn//info/1060/2589.htm
北京师范大学,王瑶,http://www.mse.buaa.edu.cn//info/1060/2588.htm
北京师范大学,杨圣雪,http://www.mse.buaa.edu.cn//info/1060/2586.htm
北京师范大学,司晨,http://www.mse.buaa.edu.cn//info/1060/2585.htm
北京师范大学,于美,http://www.mse.buaa.edu.cn//info/1060/3975.htm
北京师范大学,张千帆,http://www.mse.buaa.edu.cn//info/1060/3967.htm
北京师范大学,赵子华,http://www.mse.buaa.edu.cn//info/1060/3956.htm
北京师范大学,彭徽,http://www.mse.buaa.edu.cn//info/1061/3990.htm
北京师范大学,苏玉芹,http://www.mse.buaa.edu.cn//info/1061/2510.htm
北京师范大学,张凌云,http://www.mse.buaa.edu.cn//info/1061/2507.htm
北京师范大学,唐晓霞,http://www.mse.buaa.edu.cn//info/1061/2504.htm
北京师范大学,王凯,http://www.mse.buaa.edu.cn//info/1061/2501.htm
北京师范大学,张述泉,http://www.mse.buaa.edu.cn//info/1061/2498.htm
北京师范大学,裴延玲,http://www.mse.buaa.edu.cn//info/1061/2496.htm
北京师范大学,刘敬华,http://www.mse.buaa.edu.cn//info/1061/2493.htm
北京师范大学,王慧,http://www.mse.buaa.edu.cn//info/1061/2490.htm
北京师范大学,彭徽,http://www.mse.buaa.edu.cn//info/1061/2489.htm
北京师范大学,田象军,http://www.mse.buaa.edu.cn//info/1061/2486.htm
北京师范大学,李佳,http://www.mse.buaa.edu.cn//info/1061/2483.htm
北京师范大学,贾丽娜,http://www.mse.buaa.edu.cn//info/1061/2480.htm
北京师范大学,王绍凯,http://www.mse.buaa.edu.cn//info/1062/2541.htm
北京师范大学,杨白,http://www.mse.buaa.edu.cn//info/1062/2540.htm
北京师范大学,有移亮,http://www.mse.buaa.edu.cn//info/1062/2539.htm
北京师范大学,张花蕊,http://www.mse.buaa.edu.cn//info/1062/2536.htm
北京师范大学,祝令刚,http://www.mse.buaa.edu.cn//info/1062/2535.htm
北京师范大学,邢雅兰,http://www.mse.buaa.edu.cn//info/1062/2534.htm
北京师范大学,祝薇,http://www.mse.buaa.edu.cn//info/1062/2533.htm
北京师范大学,李彬,http://www.mse.buaa.edu.cn//info/1062/2532.htm
北京师范大学,赵文月,http://www.mse.buaa.edu.cn//info/1062/2947.htm
北京师范大学,左淑兰,http://www.mse.buaa.edu.cn//info/1062/3971.htm
北京师范大学,刘长波,http://www.mse.buaa.edu.cn//info/1062/3992.htm
